RPM,DOC,CI,Mean,RMS,Std,PtP,Kurtosis,Skewness,CrestFactor,ShapeFactor,ImpulseFactor,DominantFreq,SpectralCentroid,SpectralBW,HarmonicRatio,Threshold,Label
52,800,0.9927866915167916,90.65361,90.73302,3.7951193,31.132605,0.27541536,-0.30933294,1.1550702,1.000876,1.1560819,0.87699515,156.98923,375.6494,0.3071363,0.9838961389286103,1
52,1600,0.9952130454466382,155.11255,155.26137,6.796167,50.590473,-0.26277155,-0.25407505,1.1512389,1.0009594,1.1523434,102.413765,104.42131,210.17131,0.2311678,0.9838961389286103,1
52,2600,0.9725792324105822,246.31941,246.56071,10.905478,98.26227,0.94035274,-0.21985565,1.1945021,1.0009795,1.1956723,0.43141052,67.09123,279.4291,0.79084176,0.9838961389286103,0
114,200,0.9798610070500487,31.24248,31.331757,2.3635817,28.21392,2.9793668,-0.5751935,1.3576577,1.0028576,1.3615373,100.05901,365.28506,645.9502,0.05423554,0.8974779644634754,1
114,600,0.9981990880992607,62.099007,63.353466,12.544908,71.99414,-0.86619943,-0.070763476,1.5314056,1.020201,1.5623415,95.909615,107.50378,138.4692,0.004077431,0.8974779644634754,1
114,800,0.9987078039516065,78.33585,79.68496,14.600909,87.56044,-0.58648515,-0.052340835,1.5349835,1.017222,1.561419,97.75927,108.0349,134.65483,0.007934991,0.8974779644634754,1
114,1000,0.9281126149041521,92.14732,92.22649,3.8204384,42.80733,0.34575385,-0.057033654,1.2524042,1.0008591,1.2534802,2.0264661,292.1689,596.62604,0.45405102,0.8974779644634754,1
114,1200,0.9816843079574783,109.7773,110.02387,7.3618627,58.37363,0.15292753,0.02527118,1.2531953,1.0022461,1.25601,99.71959,160.8556,352.20123,0.16422766,0.8974779644634754,1
114,1400,0.9563517113079858,129.05145,129.29805,7.981835,65.18388,0.14361526,-0.26959136,1.2243972,1.0019109,1.2267368,101.65681,108.43972,183.46838,0.12257066,0.8974779644634754,1
114,1800,0.9823668019723617,159.98312,160.60931,14.168826,85.61466,-0.51056385,-0.017801907,1.2704006,1.0039141,1.2753732,101.6652,102.85803,117.69432,0.067031875,0.8974779644634754,1
114,2200,0.7962481249753441,188.73401,189.76605,19.764296,143.01538,-0.3056914,0.06317462,1.367437,1.0054682,1.3749145,103.50412,83.09017,85.378784,0.22653994,0.8974779644634754,0
148,400,0.9995803019111812,42.640774,48.61454,23.34819,116.83517,-0.98438334,0.0829696,2.04633,1.1380002,2.328724,95.44514,98.402405,71.470535,0.0017179733,0.8535738709395044,1
148,400,0.9990680378373166,45.648975,46.477844,8.738483,57.27766,-0.108735494,0.050296184,1.5983055,1.0181575,1.6273266,98.29074,120.223946,191.20047,0.0021959378,0.8535738709395044,1
148,1000,0.9497272834003292,92.659096,92.78015,4.737961,44.786816,1.0425501,0.51380926,1.2506236,1.0013064,1.2522575,100.734886,171.71469,407.72147,0.28216702,0.8535738709395044,1
148,1200,0.9158680274665317,107.91551,108.05468,5.48246,43.846157,0.028790073,-0.3148149,1.2049936,1.0012896,1.2065476,103.006165,125.358215,292.6501,0.21507718,0.8535738709395044,1
148,1400,0.7075674399678277,133.62477,133.79686,6.783755,53.301094,0.33348748,0.03488315,1.2041551,1.0012878,1.2057059,5.1137195,92.40812,305.40085,0.6080106,0.8535738709395044,0
148,1600,0.7202911025074477,151.80086,152.06296,8.924282,71.06814,0.024921067,-0.1721438,1.2217875,1.0017266,1.223897,2.5535717,60.680122,225.56567,0.59785706,0.8535738709395044,0
148,1800,0.9294646300275013,166.23332,166.94102,15.35549,158.00732,1.2753882,0.010222628,1.4861168,1.0042573,1.4924437,100.55037,74.98733,133.48517,0.30920318,0.8535738709395044,1
148,2000,0.8971016588438705,192.14838,192.58044,12.893082,135.29378,0.40097064,0.09828755,1.3805642,1.0022486,1.3836687,100.33445,241.80772,395.70392,0.3802925,0.8535738709395044,1
148,2200,0.9658804180238749,196.88835,198.6886,26.685926,201.45934,-0.32295072,0.24678348,1.4822617,1.0091435,1.4958148,100.6327,89.56328,78.7704,0.12573107,0.8535738709395044,1
192,200,0.9758631755309726,25.38461,25.427736,1.4803358,14.604397,0.03650343,-0.079061285,1.2320226,1.001699,1.2341157,99.99771,525.7432,761.001,0.053478647,0.9138638539875626,1
192,200,0.9493764241436523,24.246742,24.37277,2.4753523,22.376558,0.7904426,0.77530986,1.5057968,1.0051976,1.5136235,49.90982,532.82733,714.6005,0.07789168,0.9138638539875626,1
192,400,0.9787467146008904,37.690845,37.77936,2.5846453,28.235165,1.8424674,-0.19872619,1.3704228,1.0023485,1.3736413,99.94447,1348.8197,624.95154,0.037692998,0.9138638539875626,1
192,800,0.8281598023745931,73.50598,73.55862,2.7822747,26.268131,0.3130113,0.05863984,1.1999112,1.0007161,1.2007705,0.27975157,348.0846,638.4019,0.27668193,0.9138638539875626,0
192,800,0.9692961860210573,76.78683,77.08693,6.795481,52.536263,-0.18210815,0.058257926,1.3090601,1.0039083,1.3141763,98.138855,120.1553,228.36588,0.06779522,0.9138638539875626,1
192,1000,0.9993993345410157,104.36001,135.46875,86.37576,491.31137,0.8554795,0.48071748,2.798867,1.1800785,3.302883,94.67408,99.2393,62.27336,0.0016682222,0.9138638539875626,1
192,1200,0.9995679056005322,107.04173,167.64665,129.02507,510.76926,-1.110203,0.4605963,2.3777208,1.3432232,3.1938097,94.58187,98.041756,55.666313,0.00020208143,0.9138638539875626,1
250,200,0.9862950183197949,25.025808,25.06353,1.3745998,12.657144,-0.019434683,-0.006186699,1.2499255,1.0015074,1.2518096,100.026405,708.8641,819.5098,0.028216438,0.9930400680499333,0
250,400,0.986555842299685,36.29903,36.377213,2.3836844,24.34066,0.56043506,-0.24313451,1.3161864,1.0021539,1.3190213,100.086105,756.1612,767.5938,0.025897305,0.9930400680499333,0
250,600,0.9997315114492711,54.999184,101.036224,84.75499,353.4264,-0.959591,0.19398324,2.4686182,1.2332537,3.0444326,94.52726,97.94971,62.145397,3.486883e-05,0.9930400680499333,1
250,600,0.9996902848407921,22.936089,68.42164,64.46283,347.58463,1.2777542,1.2076105,3.431889,1.748781,6.001622,94.69634,94.59519,43.699123,0.00019985497,0.9930400680499333,1
250,800,0.9997851177800716,54.071163,105.08386,90.10509,372.89893,-0.93242717,0.17483684,2.429123,1.2348593,2.9996252,95.00122,98.894966,67.45603,2.9506016e-05,0.9930400680499333,1
250,1000,0.9996663422906377,85.319405,137.83049,108.248985,479.02417,-1.1400951,0.29782972,2.5513268,1.2824156,3.2718613,94.4028,97.938545,57.059284,0.0001289078,0.9930400680499333,1
325,200,0.9742310059445611,7.926725,11.42834,8.232496,26.270771,-1.9048094,-0.050908636,1.7467511,1.3139294,2.2951076,0.1748857,106.64424,421.36795,0.00795847,0.9544909328057803,1
325,400,0.9093085780528614,14.453268,21.181725,15.48446,54.487522,-1.8827379,0.19717692,2.1826944,1.4208556,3.1012938,0.15281688,59.180065,316.16998,0.01388905,0.9544909328057803,0
325,600,0.9989353380316183,36.25014,42.952484,23.040033,135.24582,0.14489499,-0.13183744,2.3449342,1.1558269,2.710338,97.52704,102.1169,96.43077,0.0018496593,0.9544909328057803,1
325,700,0.9996136506830104,19.04902,53.126053,49.59347,450.49506,6.0194883,1.97694,5.760299,2.070158,11.924729,97.32964,94.87539,55.70188,0.00053829525,0.9544909328057803,1
325,800,0.9996732875586993,64.61107,131.92232,115.017,521.52344,-1.1084749,0.20629416,2.681112,1.229178,3.295564,92.24003,96.97191,67.187706,7.5276854e-05,0.9544909328057803,1
420,100,0.998589676293721,-0.9042326,1.0595642,0.5523041,2.9204395,-0.7978654,0.290094,2.3103719,1.1259174,2.601288,49.98327,1302.9235,1106.3145,0.0017231659,0.9955682381151025,1
420,200,0.9995876164774761,22.443819,24.803957,10.559891,76.866325,0.9049761,-0.08299811,2.0993094,1.0960885,2.3010292,131.11833,144.01183,149.83377,0.0014328704,0.9955682381151025,1
420,400,0.9911667802030579,55.962482,58.658436,17.578753,102.1641,-1.161966,0.0034075077,1.7004845,1.0481721,1.7824005,101.63218,108.47168,102.07301,0.0128031,0.9955682381151025,0
420,400,0.9925934167718462,11.401953,26.691032,24.133102,120.65095,1.7657773,1.797684,3.8464885,2.130171,8.193678,101.68092,63.576134,103.2854,0.0070039695,0.9955682381151025,0
420,600,0.9998124856568626,54.338875,71.661385,46.718735,223.78804,-0.8895379,0.01804294,2.3152106,1.2080996,2.797005,123.354324,122.74913,52.17611,0.00035565006,0.9955682381151025,1
420,700,0.9950541406261147,62.21021,66.28181,22.872871,149.84068,-0.94372714,0.05744348,1.9893315,1.0653372,2.1193087,101.465004,105.296,84.14089,0.007848671,0.9955682381151025,0
420,800,0.9999100740887971,68.15832,131.67494,112.66204,464.11694,-0.9329262,0.16842148,2.4127433,1.2326845,2.9741514,94.82155,97.45042,39.30957,6.7716304e-05,0.9955682381151025,1
420,900,0.9999101445235786,22.398575,79.58403,76.36702,499.14462,3.2758,1.8957944,4.358759,2.1191785,9.236988,94.75172,95.51028,44.948776,0.00013896168,0.9955682381151025,1
420,1200,0.9999696960271471,94.57468,176.91624,149.51584,729.7436,-1.2182897,0.14669062,2.769205,1.2341217,3.417536,94.63115,100.389336,61.916252,0.00010727863,0.9955682381151025,1
420,1400,0.999958944887487,49.937283,138.53088,129.21715,813.82916,0.35576835,1.1334435,3.9737608,1.684485,6.6937404,88.005936,92.854744,57.791473,0.0003053904,0.9955682381151025,1
550,200,0.9559532248236597,5.752146,10.453714,8.728857,32.10872,-1.0873083,0.8705762,2.3749857,1.6181773,3.8431482,0.18894519,72.27115,303.95358,0.010223042,0.9778622149083918,0
550,400,0.9914703721909994,7.5758753,16.473928,14.628617,73.94736,0.6878618,1.5248618,3.5151987,1.9702449,6.925802,0.22028165,56.0182,199.45354,0.0010741877,0.9778622149083918,1
550,600,0.9967259940683573,12.2670965,25.620281,22.492601,112.86701,1.296486,1.6338141,3.5515163,1.9787405,7.027529,97.74916,70.84401,114.56609,0.00042428036,0.9778622149083918,1
550,800,0.9973066961226437,15.337092,32.265793,28.387587,146.92172,1.3414785,1.6398488,3.905639,1.9832487,7.745853,97.67469,70.731064,90.49385,0.00060043955,0.9778622149083918,1
550,1000,0.9996742414991416,19.85856,66.28946,63.245003,560.4431,7.1519113,2.3690305,5.7906833,2.3483617,13.598619,90.06494,93.59161,46.870426,0.00014345188,0.9778622149083918,1
550,1000,0.9996468336019548,24.536676,79.74245,75.873634,600.33575,4.75833,2.0337613,5.1798143,2.1757855,11.2701645,89.689,91.22917,52.523766,0.00019851667,0.9778622149083918,1
550,1100,0.9997712049931239,20.757374,77.66061,74.83516,593.52484,6.304139,2.3505628,5.30614,2.4033346,12.75243,89.49558,90.53332,51.10108,6.6680455e-05,0.9778622149083918,1
